<?xml version="1.0" encoding="UTF-8"?>
<beans xmlns="http://www.springframework.org/schema/beans"
	xmlns:xsi="http://www.w3.org/2001/XMLSchema-instance"
	xmlns:aop="http://www.springframework.org/schema/aop"
	xmlns:context="http://www.springframework.org/schema/context"
	xmlns:jee="http://www.springframework.org/schema/jee"
	xmlns:p="http://www.springframework.org/schema/p"
	xmlns:task="http://www.springframework.org/schema/task"
	xsi:schemaLocation="http://www.springframework.org/schema/jee http://www.springframework.org/schema/jee/spring-jee-3.1.xsd
		http://www.springframework.org/schema/task http://www.springframework.org/schema/task/spring-task-3.1.xsd
		http://www.springframework.org/schema/beans https://www.springframework.org/schema/beans/spring-beans.xsd
		http://www.springframework.org/schema/context http://www.springframework.org/schema/context/spring-context-3.1.xsd
		http://www.springframework.org/schema/aop http://www.springframework.org/schema/aop/spring-aop-3.1.xsd">
	
	<!-- JNDI 등록 : Mybatis 가 아닌, 스프링이 접속객체를 주도한다. 왜? 스프링이 트랜잭션을 관리하므로..-->
	<jee:jndi-lookup 
		id="dataSource" 
		jndi-name="jdbc/oracle"
		resource-ref="true"/>
		
	<bean id="dataSourceTransactionManager" 
		class="org.springframework.jdbc.datasource.DataSourceTransactionManager"
		p:dataSource-ref="dataSource"/>
	
	<!-- Spring JDBC 사용시 -->
	<bean id="jdbcTemplate" 
		class="org.springframework.jdbc.core.JdbcTemplate"
		p:dataSource-ref="dataSource"/>							
		
	<!-- Mybatis Spring  -->	
	<bean id="sqlSessionFactoryBean" 
		class="org.mybatis.spring.SqlSessionFactoryBean"
		p:dataSource-ref="dataSource"
		p:configLocation="classpath:com/hardware/test/mybatis/config/config.xml"/>
		
	<bean id="sqlSessionTemplate" class="org.mybatis.spring.SqlSessionTemplate">
		<constructor-arg ref="sqlSessionFactoryBean"/>
	</bean>
	
	<context:component-scan base-package="com.hardware.*"/>
		
</beans>
